"","Country","CAD_System","Score","% Above","Correct.rate","Sensitivity","Specificity","PPV","NPV"
"1","Pooled","CAD4TB",1,1,0.15,"1(0.99-1)","0(0-0)","0.15(0.14-0.15)","0.68(0.49-0.83)"
"2","Pooled","CAD4TB",2,1,0.15,"1(0.99-1)","0(0-0)","0.15(0.14-0.15)","0.71(0.54-0.85)"
"3","Pooled","CAD4TB",3,1,0.15,"1(0.99-1)","0(0-0)","0.15(0.14-0.15)","0.8(0.68-0.9)"
"4","Pooled","CAD4TB",4,1,0.15,"1(0.99-1)","0(0-0.01)","0.15(0.14-0.16)","0.87(0.78-0.93)"
"5","Pooled","CAD4TB",5,0.99,0.16,"1(0.99-1)","0.01(0.01-0.01)","0.15(0.14-0.16)","0.91(0.84-0.95)"
"6","Pooled","CAD4TB",6,0.99,0.16,"1(0.99-1)","0.01(0.01-0.01)","0.15(0.15-0.16)","0.94(0.89-0.97)"
"7","Pooled","CAD4TB",7,0.99,0.16,"1(0.99-1)","0.01(0.01-0.02)","0.15(0.15-0.16)","0.95(0.92-0.98)"
"8","Pooled","CAD4TB",8,0.98,0.16,"1(0.99-1)","0.02(0.02-0.02)","0.15(0.15-0.16)","0.96(0.93-0.98)"
"9","Pooled","CAD4TB",9,0.98,0.17,"1(0.99-1)","0.02(0.02-0.02)","0.15(0.15-0.16)","0.97(0.94-0.98)"
"10","Pooled","CAD4TB",10,0.98,0.17,"1(0.99-1)","0.03(0.02-0.03)","0.15(0.15-0.16)","0.97(0.95-0.99)"
"11","Pooled","CAD4TB",11,0.97,0.18,"1(0.99-1)","0.03(0.03-0.04)","0.15(0.15-0.16)","0.98(0.96-0.99)"
"12","Pooled","CAD4TB",12,0.97,0.18,"1(0.99-1)","0.04(0.03-0.04)","0.15(0.15-0.16)","0.98(0.96-0.99)"
"13","Pooled","CAD4TB",13,0.96,0.18,"0.99(0.99-1)","0.04(0.04-0.05)","0.15(0.15-0.16)","0.98(0.97-0.99)"
"14","Pooled","CAD4TB",14,0.96,0.19,"0.99(0.99-1)","0.05(0.04-0.05)","0.16(0.15-0.16)","0.98(0.97-0.99)"
"15","Pooled","CAD4TB",15,0.95,0.19,"0.99(0.99-1)","0.05(0.05-0.06)","0.16(0.15-0.16)","0.98(0.97-0.99)"
"16","Pooled","CAD4TB",16,0.95,0.2,"0.99(0.99-1)","0.06(0.05-0.06)","0.16(0.15-0.16)","0.99(0.98-0.99)"
"17","Pooled","CAD4TB",17,0.94,0.2,"0.99(0.99-1)","0.06(0.06-0.07)","0.16(0.15-0.16)","0.99(0.98-0.99)"
"18","Pooled","CAD4TB",18,0.94,0.21,"0.99(0.99-1)","0.07(0.07-0.07)","0.16(0.15-0.16)","0.98(0.98-0.99)"
"19","Pooled","CAD4TB",19,0.93,0.21,"0.99(0.99-1)","0.08(0.07-0.08)","0.16(0.15-0.16)","0.99(0.98-0.99)"
"20","Pooled","CAD4TB",20,0.93,0.22,"0.99(0.99-1)","0.08(0.08-0.09)","0.16(0.15-0.17)","0.99(0.98-0.99)"
"21","Pooled","CAD4TB",21,0.92,0.22,"0.99(0.99-1)","0.09(0.08-0.09)","0.16(0.16-0.17)","0.99(0.98-0.99)"
"22","Pooled","CAD4TB",22,0.92,0.23,"0.99(0.99-1)","0.09(0.09-0.1)","0.16(0.16-0.17)","0.99(0.98-0.99)"
"23","Pooled","CAD4TB",23,0.92,0.23,"0.99(0.99-1)","0.1(0.09-0.1)","0.16(0.16-0.17)","0.99(0.98-0.99)"
"24","Pooled","CAD4TB",24,0.91,0.24,"0.99(0.99-1)","0.1(0.1-0.11)","0.16(0.16-0.17)","0.99(0.98-0.99)"
"25","Pooled","CAD4TB",25,0.9,0.24,"0.99(0.99-0.99)","0.11(0.11-0.12)","0.16(0.16-0.17)","0.99(0.98-0.99)"
"26","Pooled","CAD4TB",26,0.9,0.25,"0.99(0.99-0.99)","0.12(0.11-0.12)","0.16(0.16-0.17)","0.99(0.98-0.99)"
"27","Pooled","CAD4TB",27,0.9,0.25,"0.99(0.99-0.99)","0.12(0.12-0.13)","0.17(0.16-0.17)","0.99(0.98-0.99)"
"28","Pooled","CAD4TB",28,0.89,0.26,"0.99(0.99-0.99)","0.13(0.12-0.13)","0.17(0.16-0.17)","0.99(0.98-0.99)"
"29","Pooled","CAD4TB",29,0.89,0.26,"0.99(0.99-0.99)","0.13(0.13-0.14)","0.17(0.16-0.17)","0.99(0.98-0.99)"
"30","Pooled","CAD4TB",30,0.88,0.27,"0.99(0.99-0.99)","0.14(0.13-0.14)","0.17(0.16-0.17)","0.99(0.98-0.99)"
"31","Pooled","CAD4TB",31,0.88,0.27,"0.99(0.99-0.99)","0.15(0.14-0.15)","0.17(0.16-0.18)","0.99(0.98-0.99)"
"32","Pooled","CAD4TB",32,0.87,0.28,"0.99(0.99-0.99)","0.15(0.15-0.16)","0.17(0.16-0.18)","0.99(0.98-0.99)"
"33","Pooled","CAD4TB",33,0.86,0.28,"0.99(0.99-0.99)","0.16(0.15-0.16)","0.17(0.17-0.18)","0.99(0.98-0.99)"
"34","Pooled","CAD4TB",34,0.86,0.29,"0.99(0.99-0.99)","0.16(0.16-0.17)","0.17(0.17-0.18)","0.99(0.98-0.99)"
"35","Pooled","CAD4TB",35,0.85,0.29,"0.99(0.98-0.99)","0.17(0.16-0.17)","0.17(0.17-0.18)","0.99(0.98-0.99)"
"36","Pooled","CAD4TB",36,0.85,0.3,"0.99(0.98-0.99)","0.17(0.17-0.18)","0.17(0.17-0.18)","0.99(0.98-0.99)"
"37","Pooled","CAD4TB",37,0.85,0.3,"0.99(0.98-0.99)","0.18(0.17-0.18)","0.17(0.17-0.18)","0.99(0.98-0.99)"
"38","Pooled","CAD4TB",38,0.84,0.3,"0.99(0.98-0.99)","0.18(0.18-0.19)","0.18(0.17-0.18)","0.99(0.98-0.99)"
"39","Pooled","CAD4TB",39,0.84,0.31,"0.99(0.98-0.99)","0.19(0.18-0.2)","0.18(0.17-0.18)","0.99(0.98-0.99)"
"40","Pooled","CAD4TB",40,0.83,0.31,"0.99(0.98-0.99)","0.19(0.19-0.2)","0.18(0.17-0.18)","0.99(0.98-0.99)"
"41","Pooled","CAD4TB",41,0.83,0.32,"0.99(0.98-0.99)","0.2(0.19-0.21)","0.18(0.17-0.18)","0.99(0.98-0.99)"
"42","Pooled","CAD4TB",42,0.82,0.32,"0.99(0.98-0.99)","0.2(0.2-0.21)","0.18(0.17-0.19)","0.99(0.98-0.99)"
"43","Pooled","CAD4TB",43,0.82,0.33,"0.99(0.98-0.99)","0.21(0.2-0.22)","0.18(0.17-0.19)","0.99(0.98-0.99)"
"44","Pooled","CAD4TB",44,0.81,0.33,"0.98(0.98-0.99)","0.22(0.21-0.22)","0.18(0.18-0.19)","0.99(0.98-0.99)"
"45","Pooled","CAD4TB",45,0.77,0.37,"0.98(0.98-0.99)","0.26(0.26-0.27)","0.19(0.18-0.2)","0.99(0.98-0.99)"
"46","Pooled","CAD4TB",46,0.74,0.41,"0.98(0.97-0.98)","0.31(0.3-0.31)","0.2(0.19-0.21)","0.99(0.98-0.99)"
"47","Pooled","CAD4TB",47,0.7,0.44,"0.97(0.97-0.98)","0.35(0.34-0.35)","0.21(0.2-0.22)","0.99(0.98-0.99)"
"48","Pooled","CAD4TB",48,0.67,0.47,"0.97(0.96-0.98)","0.39(0.38-0.39)","0.22(0.21-0.23)","0.99(0.98-0.99)"
"49","Pooled","CAD4TB",49,0.64,0.5,"0.96(0.96-0.97)","0.42(0.41-0.43)","0.23(0.22-0.23)","0.99(0.98-0.99)"
"50","Pooled","CAD4TB",50,0.61,0.52,"0.96(0.95-0.97)","0.45(0.44-0.46)","0.23(0.23-0.24)","0.99(0.98-0.99)"
"51","Pooled","CAD4TB",51,0.59,0.54,"0.96(0.95-0.96)","0.47(0.46-0.48)","0.24(0.23-0.25)","0.98(0.98-0.99)"
"52","Pooled","CAD4TB",52,0.58,0.56,"0.95(0.94-0.96)","0.49(0.48-0.5)","0.25(0.24-0.26)","0.98(0.98-0.99)"
"53","Pooled","CAD4TB",53,0.56,0.57,"0.95(0.94-0.96)","0.51(0.5-0.52)","0.25(0.24-0.26)","0.98(0.98-0.98)"
"54","Pooled","CAD4TB",54,0.55,0.59,"0.94(0.94-0.95)","0.52(0.52-0.53)","0.26(0.25-0.27)","0.98(0.98-0.98)"
"55","Pooled","CAD4TB",55,0.53,0.6,"0.94(0.93-0.95)","0.54(0.53-0.55)","0.26(0.26-0.27)","0.98(0.98-0.98)"
"56","Pooled","CAD4TB",56,0.52,0.61,"0.94(0.93-0.94)","0.55(0.55-0.56)","0.27(0.26-0.28)","0.98(0.98-0.98)"
"57","Pooled","CAD4TB",57,0.51,0.62,"0.93(0.92-0.94)","0.57(0.56-0.58)","0.27(0.27-0.28)","0.98(0.97-0.98)"
"58","Pooled","CAD4TB",58,0.49,0.63,"0.92(0.91-0.93)","0.58(0.57-0.59)","0.28(0.27-0.29)","0.98(0.97-0.98)"
"59","Pooled","CAD4TB",59,0.48,0.64,"0.91(0.9-0.92)","0.59(0.59-0.6)","0.28(0.27-0.29)","0.98(0.97-0.98)"
"60","Pooled","CAD4TB",60,0.47,0.65,"0.91(0.9-0.92)","0.61(0.6-0.61)","0.29(0.28-0.3)","0.97(0.97-0.98)"
"61","Pooled","CAD4TB",61,0.46,0.66,"0.9(0.89-0.91)","0.62(0.61-0.63)","0.29(0.28-0.3)","0.97(0.97-0.97)"
"62","Pooled","CAD4TB",62,0.45,0.67,"0.89(0.88-0.9)","0.63(0.62-0.64)","0.3(0.29-0.31)","0.97(0.97-0.97)"
"63","Pooled","CAD4TB",63,0.44,0.68,"0.88(0.87-0.89)","0.64(0.64-0.65)","0.3(0.29-0.31)","0.97(0.97-0.97)"
"64","Pooled","CAD4TB",64,0.42,0.69,"0.87(0.86-0.89)","0.66(0.65-0.66)","0.31(0.3-0.32)","0.97(0.96-0.97)"
"65","Pooled","CAD4TB",65,0.41,0.7,"0.86(0.85-0.87)","0.67(0.66-0.68)","0.31(0.3-0.32)","0.96(0.96-0.97)"
"66","Pooled","CAD4TB",66,0.4,0.71,"0.85(0.83-0.86)","0.68(0.67-0.69)","0.32(0.31-0.33)","0.96(0.96-0.97)"
"67","Pooled","CAD4TB",67,0.38,0.72,"0.83(0.82-0.85)","0.69(0.69-0.7)","0.32(0.31-0.34)","0.96(0.96-0.96)"
"68","Pooled","CAD4TB",68,0.37,0.72,"0.81(0.8-0.83)","0.71(0.7-0.71)","0.33(0.32-0.34)","0.96(0.95-0.96)"
"69","Pooled","CAD4TB",69,0.36,0.73,"0.8(0.78-0.81)","0.72(0.71-0.73)","0.33(0.32-0.35)","0.95(0.95-0.96)"
"70","Pooled","CAD4TB",70,0.34,0.74,"0.78(0.77-0.8)","0.74(0.73-0.74)","0.34(0.33-0.35)","0.95(0.95-0.95)"
"71","Pooled","CAD4TB",71,0.33,0.75,"0.76(0.74-0.77)","0.75(0.74-0.76)","0.35(0.34-0.36)","0.95(0.94-0.95)"
"72","Pooled","CAD4TB",72,0.31,0.76,"0.74(0.72-0.76)","0.76(0.76-0.77)","0.35(0.34-0.37)","0.94(0.94-0.95)"
"73","Pooled","CAD4TB",73,0.3,0.77,"0.72(0.7-0.73)","0.78(0.77-0.78)","0.36(0.35-0.37)","0.94(0.94-0.94)"
"74","Pooled","CAD4TB",74,0.28,0.78,"0.69(0.67-0.71)","0.79(0.78-0.8)","0.37(0.36-0.38)","0.94(0.93-0.94)"
"75","Pooled","CAD4TB",75,0.27,0.78,"0.67(0.65-0.68)","0.81(0.8-0.81)","0.38(0.36-0.39)","0.93(0.93-0.94)"
"76","Pooled","CAD4TB",76,0.25,0.79,"0.64(0.62-0.66)","0.82(0.81-0.82)","0.38(0.37-0.4)","0.93(0.92-0.93)"
"77","Pooled","CAD4TB",77,0.24,0.8,"0.61(0.59-0.63)","0.83(0.82-0.84)","0.39(0.37-0.4)","0.92(0.92-0.93)"
"78","Pooled","CAD4TB",78,0.22,0.8,"0.58(0.56-0.6)","0.84(0.83-0.85)","0.39(0.37-0.4)","0.92(0.91-0.92)"
"79","Pooled","CAD4TB",79,0.21,0.81,"0.55(0.53-0.57)","0.85(0.85-0.86)","0.39(0.38-0.41)","0.91(0.91-0.92)"
"80","Pooled","CAD4TB",80,0.2,0.81,"0.52(0.5-0.54)","0.86(0.86-0.87)","0.4(0.38-0.41)","0.91(0.91-0.92)"
"81","Pooled","CAD4TB",81,0.18,0.81,"0.49(0.47-0.5)","0.87(0.87-0.88)","0.4(0.38-0.41)","0.91(0.9-0.91)"
"82","Pooled","CAD4TB",82,0.17,0.82,"0.46(0.44-0.48)","0.88(0.88-0.89)","0.4(0.39-0.42)","0.9(0.9-0.91)"
"83","Pooled","CAD4TB",83,0.16,0.82,"0.42(0.41-0.44)","0.89(0.89-0.9)","0.41(0.39-0.43)","0.9(0.89-0.9)"
"84","Pooled","CAD4TB",84,0.14,0.83,"0.4(0.38-0.41)","0.9(0.9-0.91)","0.41(0.4-0.43)","0.89(0.89-0.9)"
"85","Pooled","CAD4TB",85,0.13,0.83,"0.36(0.34-0.38)","0.91(0.91-0.92)","0.42(0.4-0.44)","0.89(0.89-0.89)"
"86","Pooled","CAD4TB",86,0.12,0.83,"0.34(0.32-0.35)","0.92(0.91-0.92)","0.42(0.4-0.44)","0.89(0.88-0.89)"
"87","Pooled","CAD4TB",87,0.11,0.83,"0.3(0.29-0.32)","0.93(0.92-0.93)","0.42(0.4-0.45)","0.88(0.88-0.89)"
"88","Pooled","CAD4TB",88,0.1,0.83,"0.27(0.26-0.29)","0.93(0.93-0.94)","0.42(0.4-0.44)","0.88(0.87-0.88)"
"89","Pooled","CAD4TB",89,0.09,0.84,"0.24(0.23-0.26)","0.94(0.94-0.94)","0.42(0.39-0.44)","0.88(0.87-0.88)"
"90","Pooled","CAD4TB",90,0.08,0.84,"0.21(0.2-0.23)","0.95(0.94-0.95)","0.41(0.39-0.44)","0.87(0.87-0.88)"
"91","Pooled","CAD4TB",91,0.07,0.84,"0.19(0.17-0.2)","0.95(0.95-0.96)","0.41(0.39-0.44)","0.87(0.86-0.87)"
"92","Pooled","CAD4TB",92,0.06,0.84,"0.17(0.15-0.18)","0.96(0.96-0.96)","0.42(0.39-0.45)","0.87(0.86-0.87)"
"93","Pooled","CAD4TB",93,0.05,0.84,"0.14(0.13-0.16)","0.96(0.96-0.97)","0.41(0.38-0.44)","0.86(0.86-0.87)"
"94","Pooled","CAD4TB",94,0.04,0.84,"0.11(0.1-0.13)","0.97(0.97-0.97)","0.39(0.36-0.43)","0.86(0.86-0.87)"
"95","Pooled","CAD4TB",95,0.04,0.84,"0.1(0.09-0.11)","0.97(0.97-0.98)","0.4(0.36-0.43)","0.86(0.85-0.87)"
"96","Pooled","CAD4TB",96,0.03,0.84,"0.08(0.07-0.09)","0.98(0.97-0.98)","0.38(0.34-0.42)","0.86(0.85-0.86)"
"97","Pooled","CAD4TB",97,0.03,0.84,"0.08(0.07-0.09)","0.98(0.97-0.98)","0.38(0.35-0.43)","0.86(0.85-0.86)"
"98","Pooled","CAD4TB",98,0.02,0.84,"0.06(0.05-0.06)","0.98(0.98-0.99)","0.37(0.32-0.42)","0.86(0.85-0.86)"
"99","Pooled","CAD4TB",99,0.02,0.84,"0.05(0.05-0.06)","0.98(0.98-0.99)","0.37(0.32-0.42)","0.86(0.85-0.86)"
"100","Pooled","qXR",0.01,1,0.15,"1(1-1)","0(0-0)","0.15(0.14-0.15)","NaN(0-1)"
"101","Pooled","qXR",0.02,1,0.15,"1(1-1)","0(0-0)","0.15(0.14-0.15)","NaN(0-1)"
"102","Pooled","qXR",0.03,1,0.15,"1(1-1)","0(0-0)","0.15(0.14-0.16)","1(0.91-1)"
"103","Pooled","qXR",0.04,0.99,0.16,"1(1-1)","0.02(0.01-0.02)","0.15(0.15-0.16)","1(0.98-1)"
"104","Pooled","qXR",0.05,0.96,0.19,"1(1-1)","0.04(0.04-0.05)","0.16(0.15-0.16)","1(0.99-1)"
"105","Pooled","qXR",0.06,0.93,0.22,"1(1-1)","0.08(0.08-0.09)","0.16(0.16-0.17)","1(0.99-1)"
"106","Pooled","qXR",0.07,0.9,0.25,"1(0.99-1)","0.12(0.12-0.13)","0.17(0.16-0.17)","1(0.99-1)"
"107","Pooled","qXR",0.08,0.86,0.29,"0.99(0.99-1)","0.17(0.16-0.17)","0.17(0.17-0.18)","0.99(0.99-1)"
"108","Pooled","qXR",0.09,0.82,0.33,"0.99(0.99-1)","0.21(0.2-0.21)","0.18(0.17-0.19)","0.99(0.99-1)"
"109","Pooled","qXR",0.1,0.79,0.36,"0.99(0.99-0.99)","0.25(0.24-0.25)","0.19(0.18-0.19)","0.99(0.99-1)"
"110","Pooled","qXR",0.11,0.76,0.39,"0.99(0.99-0.99)","0.28(0.27-0.29)","0.2(0.19-0.2)","0.99(0.99-1)"
"111","Pooled","qXR",0.12,0.74,0.41,"0.99(0.98-0.99)","0.31(0.3-0.31)","0.2(0.19-0.21)","0.99(0.99-0.99)"
"112","Pooled","qXR",0.13,0.72,0.43,"0.98(0.98-0.99)","0.33(0.32-0.34)","0.21(0.2-0.21)","0.99(0.99-0.99)"
"113","Pooled","qXR",0.14,0.7,0.45,"0.98(0.98-0.99)","0.35(0.35-0.36)","0.21(0.2-0.22)","0.99(0.99-0.99)"
"114","Pooled","qXR",0.15,0.68,0.46,"0.98(0.97-0.98)","0.37(0.36-0.38)","0.22(0.21-0.22)","0.99(0.99-0.99)"
"115","Pooled","qXR",0.16,0.67,0.47,"0.98(0.97-0.98)","0.39(0.38-0.39)","0.22(0.21-0.23)","0.99(0.99-0.99)"
"116","Pooled","qXR",0.17,0.66,0.49,"0.98(0.97-0.98)","0.4(0.39-0.41)","0.22(0.22-0.23)","0.99(0.99-0.99)"
"117","Pooled","qXR",0.18,0.64,0.5,"0.97(0.97-0.98)","0.41(0.41-0.42)","0.23(0.22-0.23)","0.99(0.99-0.99)"
"118","Pooled","qXR",0.19,0.63,0.51,"0.97(0.97-0.98)","0.43(0.42-0.43)","0.23(0.22-0.24)","0.99(0.99-0.99)"
"119","Pooled","qXR",0.2,0.62,0.52,"0.97(0.97-0.98)","0.44(0.43-0.45)","0.23(0.23-0.24)","0.99(0.99-0.99)"
"120","Pooled","qXR",0.21,0.62,0.53,"0.97(0.96-0.98)","0.45(0.44-0.45)","0.24(0.23-0.24)","0.99(0.99-0.99)"
"121","Pooled","qXR",0.22,0.61,0.53,"0.97(0.96-0.98)","0.46(0.45-0.46)","0.24(0.23-0.25)","0.99(0.99-0.99)"
"122","Pooled","qXR",0.23,0.6,0.54,"0.97(0.96-0.97)","0.47(0.46-0.47)","0.24(0.23-0.25)","0.99(0.99-0.99)"
"123","Pooled","qXR",0.24,0.59,0.55,"0.97(0.96-0.97)","0.47(0.46-0.48)","0.24(0.24-0.25)","0.99(0.98-0.99)"
"124","Pooled","qXR",0.25,0.59,0.55,"0.96(0.96-0.97)","0.48(0.47-0.49)","0.25(0.24-0.25)","0.99(0.98-0.99)"
"125","Pooled","qXR",0.26,0.58,0.56,"0.96(0.96-0.97)","0.49(0.48-0.49)","0.25(0.24-0.26)","0.99(0.98-0.99)"
"126","Pooled","qXR",0.27,0.57,0.56,"0.96(0.95-0.97)","0.49(0.49-0.5)","0.25(0.24-0.26)","0.99(0.98-0.99)"
"127","Pooled","qXR",0.28,0.57,0.57,"0.96(0.95-0.97)","0.5(0.49-0.51)","0.25(0.25-0.26)","0.99(0.98-0.99)"
"128","Pooled","qXR",0.29,0.56,0.58,"0.96(0.95-0.97)","0.51(0.5-0.52)","0.26(0.25-0.26)","0.99(0.98-0.99)"
"129","Pooled","qXR",0.3,0.56,0.58,"0.96(0.95-0.97)","0.52(0.51-0.52)","0.26(0.25-0.27)","0.99(0.98-0.99)"
"130","Pooled","qXR",0.31,0.55,0.59,"0.96(0.95-0.96)","0.52(0.51-0.53)","0.26(0.25-0.27)","0.99(0.98-0.99)"
"131","Pooled","qXR",0.32,0.54,0.59,"0.96(0.95-0.96)","0.53(0.52-0.54)","0.26(0.25-0.27)","0.99(0.98-0.99)"
"132","Pooled","qXR",0.33,0.54,0.6,"0.95(0.95-0.96)","0.53(0.53-0.54)","0.26(0.26-0.27)","0.98(0.98-0.99)"
"133","Pooled","qXR",0.34,0.53,0.6,"0.95(0.94-0.96)","0.54(0.53-0.55)","0.27(0.26-0.28)","0.98(0.98-0.99)"
"134","Pooled","qXR",0.35,0.53,0.61,"0.95(0.94-0.96)","0.55(0.54-0.55)","0.27(0.26-0.28)","0.98(0.98-0.99)"
"135","Pooled","qXR",0.36,0.52,0.61,"0.95(0.94-0.96)","0.55(0.54-0.56)","0.27(0.26-0.28)","0.98(0.98-0.99)"
"136","Pooled","qXR",0.37,0.52,0.62,"0.95(0.94-0.96)","0.56(0.55-0.57)","0.27(0.27-0.28)","0.98(0.98-0.99)"
"137","Pooled","qXR",0.38,0.51,0.62,"0.95(0.94-0.95)","0.56(0.56-0.57)","0.28(0.27-0.29)","0.98(0.98-0.99)"
"138","Pooled","qXR",0.39,0.51,0.62,"0.94(0.94-0.95)","0.57(0.56-0.58)","0.28(0.27-0.29)","0.98(0.98-0.99)"
"139","Pooled","qXR",0.4,0.5,0.63,"0.94(0.94-0.95)","0.57(0.57-0.58)","0.28(0.27-0.29)","0.98(0.98-0.99)"
"140","Pooled","qXR",0.41,0.5,0.63,"0.94(0.93-0.95)","0.58(0.57-0.59)","0.28(0.27-0.29)","0.98(0.98-0.99)"
"141","Pooled","qXR",0.42,0.5,0.64,"0.94(0.93-0.95)","0.58(0.57-0.59)","0.28(0.28-0.29)","0.98(0.98-0.99)"
"142","Pooled","qXR",0.43,0.49,0.64,"0.94(0.93-0.95)","0.59(0.58-0.59)","0.29(0.28-0.3)","0.98(0.98-0.98)"
"143","Pooled","qXR",0.44,0.49,0.64,"0.94(0.93-0.95)","0.59(0.58-0.6)","0.29(0.28-0.3)","0.98(0.98-0.98)"
"144","Pooled","qXR",0.45,0.48,0.65,"0.94(0.93-0.95)","0.6(0.59-0.61)","0.29(0.28-0.3)","0.98(0.98-0.98)"
"145","Pooled","qXR",0.46,0.48,0.65,"0.94(0.93-0.95)","0.6(0.6-0.61)","0.29(0.28-0.3)","0.98(0.98-0.98)"
"146","Pooled","qXR",0.47,0.47,0.66,"0.93(0.92-0.94)","0.61(0.6-0.62)","0.3(0.29-0.31)","0.98(0.98-0.98)"
"147","Pooled","qXR",0.48,0.47,0.66,"0.93(0.92-0.94)","0.61(0.6-0.62)","0.3(0.29-0.31)","0.98(0.98-0.98)"
"148","Pooled","qXR",0.49,0.46,0.66,"0.93(0.92-0.94)","0.62(0.61-0.63)","0.3(0.29-0.31)","0.98(0.98-0.98)"
"149","Pooled","qXR",0.5,0.46,0.67,"0.93(0.92-0.94)","0.62(0.62-0.63)","0.3(0.29-0.31)","0.98(0.98-0.98)"
"150","Pooled","qXR",0.51,0.45,0.67,"0.93(0.92-0.94)","0.63(0.62-0.64)","0.31(0.3-0.32)","0.98(0.98-0.98)"
"151","Pooled","qXR",0.52,0.45,0.68,"0.92(0.91-0.93)","0.63(0.63-0.64)","0.31(0.3-0.32)","0.98(0.98-0.98)"
"152","Pooled","qXR",0.53,0.45,0.68,"0.92(0.91-0.93)","0.64(0.63-0.65)","0.31(0.3-0.32)","0.98(0.98-0.98)"
"153","Pooled","qXR",0.54,0.44,0.69,"0.92(0.91-0.93)","0.64(0.64-0.65)","0.31(0.3-0.32)","0.98(0.98-0.98)"
"154","Pooled","qXR",0.55,0.44,0.69,"0.92(0.91-0.93)","0.65(0.64-0.66)","0.32(0.31-0.33)","0.98(0.98-0.98)"
"155","Pooled","qXR",0.56,0.43,0.69,"0.92(0.91-0.93)","0.65(0.65-0.66)","0.32(0.31-0.33)","0.98(0.98-0.98)"
"156","Pooled","qXR",0.57,0.43,0.7,"0.91(0.9-0.92)","0.66(0.65-0.67)","0.32(0.31-0.33)","0.98(0.97-0.98)"
"157","Pooled","qXR",0.58,0.42,0.7,"0.91(0.9-0.92)","0.66(0.66-0.67)","0.32(0.31-0.33)","0.98(0.97-0.98)"
"158","Pooled","qXR",0.59,0.42,0.7,"0.91(0.9-0.92)","0.67(0.66-0.68)","0.32(0.31-0.34)","0.98(0.97-0.98)"
"159","Pooled","qXR",0.6,0.41,0.71,"0.9(0.89-0.91)","0.67(0.66-0.68)","0.33(0.32-0.34)","0.98(0.97-0.98)"
"160","Pooled","qXR",0.61,0.41,0.71,"0.9(0.89-0.91)","0.68(0.67-0.68)","0.33(0.32-0.34)","0.98(0.97-0.98)"
"161","Pooled","qXR",0.62,0.4,0.72,"0.9(0.88-0.91)","0.68(0.68-0.69)","0.33(0.32-0.34)","0.97(0.97-0.98)"
"162","Pooled","qXR",0.63,0.4,0.72,"0.89(0.88-0.9)","0.69(0.68-0.7)","0.34(0.32-0.35)","0.97(0.97-0.98)"
"163","Pooled","qXR",0.64,0.39,0.72,"0.89(0.88-0.9)","0.69(0.69-0.7)","0.34(0.33-0.35)","0.97(0.97-0.98)"
"164","Pooled","qXR",0.65,0.39,0.73,"0.89(0.88-0.9)","0.7(0.69-0.71)","0.34(0.33-0.35)","0.97(0.97-0.98)"
"165","Pooled","qXR",0.66,0.38,0.73,"0.88(0.87-0.89)","0.7(0.7-0.71)","0.34(0.33-0.36)","0.97(0.97-0.97)"
"166","Pooled","qXR",0.67,0.38,0.74,"0.88(0.87-0.89)","0.71(0.7-0.72)","0.35(0.34-0.36)","0.97(0.97-0.97)"
"167","Pooled","qXR",0.68,0.37,0.74,"0.87(0.86-0.89)","0.72(0.71-0.72)","0.35(0.34-0.36)","0.97(0.97-0.97)"
"168","Pooled","qXR",0.69,0.37,0.74,"0.87(0.86-0.88)","0.72(0.71-0.73)","0.35(0.34-0.37)","0.97(0.97-0.97)"
"169","Pooled","qXR",0.7,0.36,0.75,"0.87(0.85-0.88)","0.73(0.72-0.73)","0.36(0.35-0.37)","0.97(0.97-0.97)"
"170","Pooled","qXR",0.71,0.36,0.75,"0.86(0.85-0.88)","0.73(0.73-0.74)","0.36(0.35-0.37)","0.97(0.96-0.97)"
"171","Pooled","qXR",0.72,0.35,0.76,"0.86(0.85-0.87)","0.74(0.73-0.75)","0.37(0.36-0.38)","0.97(0.96-0.97)"
"172","Pooled","qXR",0.73,0.34,0.76,"0.86(0.84-0.87)","0.75(0.74-0.75)","0.37(0.36-0.38)","0.97(0.96-0.97)"
"173","Pooled","qXR",0.74,0.34,0.77,"0.85(0.84-0.86)","0.75(0.75-0.76)","0.38(0.36-0.39)","0.97(0.96-0.97)"
"174","Pooled","qXR",0.75,0.33,0.77,"0.84(0.83-0.85)","0.76(0.75-0.77)","0.38(0.37-0.39)","0.96(0.96-0.97)"
"175","Pooled","qXR",0.76,0.32,0.78,"0.83(0.82-0.85)","0.76(0.76-0.77)","0.38(0.37-0.4)","0.96(0.96-0.97)"
"176","Pooled","qXR",0.77,0.32,0.78,"0.83(0.81-0.84)","0.77(0.77-0.78)","0.39(0.38-0.4)","0.96(0.96-0.97)"
"177","Pooled","qXR",0.78,0.31,0.79,"0.82(0.8-0.83)","0.78(0.77-0.79)","0.4(0.38-0.41)","0.96(0.96-0.96)"
"178","Pooled","qXR",0.79,0.3,0.79,"0.81(0.8-0.83)","0.79(0.78-0.79)","0.4(0.39-0.42)","0.96(0.96-0.96)"
"179","Pooled","qXR",0.8,0.3,0.8,"0.8(0.79-0.82)","0.79(0.79-0.8)","0.41(0.39-0.42)","0.96(0.95-0.96)"
"180","Pooled","qXR",0.81,0.29,0.8,"0.79(0.77-0.8)","0.8(0.8-0.81)","0.41(0.4-0.43)","0.96(0.95-0.96)"
"181","Pooled","qXR",0.82,0.28,0.81,"0.78(0.76-0.79)","0.81(0.8-0.82)","0.42(0.41-0.43)","0.95(0.95-0.96)"
"182","Pooled","qXR",0.83,0.27,0.81,"0.76(0.75-0.78)","0.82(0.81-0.83)","0.43(0.41-0.44)","0.95(0.95-0.96)"
"183","Pooled","qXR",0.84,0.26,0.82,"0.75(0.73-0.77)","0.83(0.82-0.83)","0.43(0.42-0.45)","0.95(0.95-0.95)"
"184","Pooled","qXR",0.85,0.25,0.82,"0.73(0.71-0.74)","0.84(0.83-0.84)","0.44(0.43-0.46)","0.95(0.94-0.95)"
"185","Pooled","qXR",0.86,0.23,0.83,"0.71(0.69-0.72)","0.85(0.84-0.85)","0.45(0.44-0.47)","0.94(0.94-0.95)"
"186","Pooled","qXR",0.87,0.22,0.83,"0.68(0.67-0.7)","0.86(0.86-0.87)","0.46(0.45-0.48)","0.94(0.94-0.94)"
"187","Pooled","qXR",0.88,0.21,0.84,"0.66(0.64-0.67)","0.87(0.87-0.88)","0.48(0.46-0.49)","0.94(0.93-0.94)"
"188","Pooled","qXR",0.89,0.19,0.85,"0.62(0.6-0.63)","0.89(0.88-0.89)","0.49(0.48-0.51)","0.93(0.93-0.93)"
"189","Pooled","qXR",0.9,0.17,0.86,"0.57(0.56-0.59)","0.9(0.9-0.91)","0.52(0.5-0.53)","0.92(0.92-0.93)"
"190","Pooled","qXR",0.91,0.15,0.86,"0.53(0.51-0.55)","0.92(0.92-0.93)","0.54(0.52-0.56)","0.92(0.91-0.92)"
"191","Pooled","qXR",0.92,0.12,0.87,"0.46(0.45-0.48)","0.94(0.93-0.94)","0.57(0.55-0.59)","0.91(0.9-0.91)"
"192","Pooled","qXR",0.93,0.1,0.87,"0.39(0.37-0.41)","0.96(0.95-0.96)","0.62(0.59-0.64)","0.9(0.89-0.9)"
"193","Pooled","qXR",0.94,0.07,0.87,"0.3(0.28-0.31)","0.97(0.97-0.98)","0.66(0.63-0.68)","0.89(0.88-0.89)"
"194","Pooled","qXR",0.95,0.04,0.87,"0.2(0.18-0.21)","0.99(0.98-0.99)","0.72(0.68-0.75)","0.87(0.87-0.88)"
"195","Pooled","qXR",0.96,0.02,0.86,"0.09(0.08-0.1)","0.99(0.99-1)","0.75(0.7-0.79)","0.86(0.86-0.87)"
"196","Pooled","qXR",0.97,0,0.85,"0.02(0.02-0.03)","1(1-1)","0.75(0.65-0.84)","0.85(0.85-0.86)"
"197","Pooled","qXR",0.98,0,0.85,"0(0-0)","1(1-1)","1(0.29-1)","0.85(0.85-0.86)"
"198","Pooled","qXR",0.99,0,0.85,"0(0-0)","1(1-1)","NaN(0-1)","0.85(0.85-0.86)"
"199","Pooled","qXR",1,0,0.85,"0(0-0)","1(1-1)","NaN(0-1)","0.85(0.85-0.86)"
